<?xml version="1.0" encoding="UTF-8"?>
<project-private xmlns="http://www.netbeans.org/ns/project-private/1">
    <editor-bookmarks xmlns="http://www.netbeans.org/ns/editor-bookmarks/2" lastBookmarkId="0"/>
    <open-files xmlns="http://www.netbeans.org/ns/projectui-open-files/2">
        <group>
            <file>file:/Users/Guest/Desktop/GPS_CasosDePrueba/src/Formularios/Login.java</file>
            <file>file:/Users/Guest/Desktop/GPS_CasosDePrueba/src/gps_casosdeprueba/GPS_CasosDePrueba.java</file>
            <file>file:/Users/Guest/Desktop/GPS_CasosDePrueba/src/Frames/sistema.java</file>
            <file>file:/Users/Guest/Desktop/GPS_CasosDePrueba/src/Clases/EnviarMail.java</file>
            <file>file:/Users/Guest/Desktop/GPS_CasosDePrueba/src/Formularios/CrearMensaje.java</file>
            <file>file:/Users/Guest/Desktop/GPS_CasosDePrueba/src/Clases/Validacion.java</file>
            <file>file:/Users/Guest/Desktop/GPS_CasosDePrueba/src/Clases/ComprobarConexionInternet.java</file>
        </group>
    </open-files>
</project-private>
